Time,0P,A,AB,ABC,D,AD,ABD,ABCD,3P,0P_IC,A_IC,AB_IC,ABC_IC,D_IC,AD_IC,ABD_IC,ABCD_IC,3P_IC,TOT_IC,PKA_IC,RSK2_IC,PP1_IC,PP2A_IC,PKC_IC
0,1.000,0.000,0.000,0.000,0,0,0,0,0.000,0.00004,0,0,0,0,0,0,0,0,0.00004,2.46E-09,0,0,0,0
900,0.565,0.218,0.148,0.069,0,0,0,0,0.069,0.00004,0,0,0,0,0,0,0,0,0.00004,2.46E-09,0,0,0,0
1800,0.499,0.197,0.163,0.141,0,0,0,0,0.141,0.00004,0,0,0,0,0,0,0,0,0.00004,2.46E-09,0,0,0,0
3600,0.000,0.096,0.381,0.523,0,0,0,0,0.523,0.00004,0,0,0,0,0,0,0,0,0.00004,2.46E-09,0,0,0,0
